Alloy grade,Ni,Cr,Co,Fe,Al,Ti,Nb,Mo,W,C,B,Zr,Test temperature (℃),Test stress (Mpa),solution treatment temperature,solution treatment time,γ'/γ'' phases dissolution temperature (℃),Stable aging temperature (℃),Stable aging time (h),Aging temperature (℃),Aging time (h),Creep rupture life,Evaluation of the heat treatment process,1 means the added heat treatment process has a positive effect on creep rupture life
Waspaloy,57.254,19.31,13.39,1.08,1.44,3.12,0.0,4.3,0.0,0.042,0.004,0.06,700,450,1080,4.0,1037.0,845,24,760,16,1949.0,1,
Waspaloy,57.254,19.31,13.39,1.08,1.44,3.12,0.0,4.3,0.0,0.042,0.004,0.06,725,380,1080,4.0,1037.0,845,24,760,16,1550.0,1,
Waspaloy,57.254,19.31,13.39,1.08,1.44,3.12,0.0,4.3,0.0,0.042,0.004,0.06,725,350,1080,4.0,1037.0,845,24,760,16,1995.0,1,0 means the added heat treatment process has a positive effect on creep rupture life
Waspaloy,59.345,18.3,12.77,1.06,1.37,2.84,0.0,4.27,0.0,0.037,0.008,0.0,732,517,1020,4.0,1007.91,845,4,760,16,46.5,0,
Waspaloy,59.345,18.3,12.77,1.06,1.37,2.84,0.0,4.27,0.0,0.037,0.008,0.0,815,330,1020,4.0,1007.91,845,4,760,16,22.5,0,
Waspaloy,59.345,18.3,12.77,1.06,1.37,2.84,0.0,4.27,0.0,0.037,0.008,0.0,732,517,1080,4.0,1007.91,845,24,760,16,104.0,1,
Waspaloy,59.345,18.3,12.77,1.06,1.37,2.84,0.0,4.27,0.0,0.037,0.008,0.0,815,330,1080,4.0,1007.91,845,24,760,16,82.1,1,
Waspaloy,57.627,19.2,13.5,0.52,1.41,3.25,0.0,4.45,0.0,0.035,0.008,0.0,730,550,1020,4.0,1042.0,0,0,760,16,48.5,0,
Waspaloy,57.627,19.2,13.5,0.52,1.41,3.25,0.0,4.45,0.0,0.035,0.008,0.0,730,550,1020,4.0,1042.0,845,4,760,16,71.11,1,
Waspaloy,57.627,19.2,13.5,0.52,1.41,3.25,0.0,4.45,0.0,0.035,0.008,0.0,730,550,1020,4.0,1042.0,845,24,760,16,36.51,0,
Waspaloy,57.627,19.2,13.5,0.52,1.41,3.25,0.0,4.45,0.0,0.035,0.008,0.0,730,550,1020,4.0,1042.0,845,48,760,16,25.5,0,
Waspaloy,57.627,19.2,13.5,0.52,1.41,3.25,0.0,4.45,0.0,0.035,0.008,0.0,730,550,1020,4.0,1042.0,800,4,760,16,61.73,1,
Waspaloy,57.627,19.2,13.5,0.52,1.41,3.25,0.0,4.45,0.0,0.035,0.008,0.0,730,550,1020,4.0,1042.0,820,4,760,16,69.33,1,
Waspaloy,57.627,19.2,13.5,0.52,1.41,3.25,0.0,4.45,0.0,0.035,0.008,0.0,730,550,1020,4.0,1042.0,860,4,760,16,66.81,1,
Waspaloy,58.091,19.1,13.2,0.5,1.43,3.21,0.0,4.43,0.0,0.035,0.004,0.0,730,550,1020,4.0,1040.15,845,4,760,0,77.14,1,
Waspaloy,58.091,19.1,13.2,0.5,1.43,3.21,0.0,4.43,0.0,0.035,0.004,0.0,730,550,1020,4.0,1040.15,845,4,760,8,73.857,1,
Waspaloy,58.091,19.1,13.2,0.5,1.43,3.21,0.0,4.43,0.0,0.035,0.004,0.0,730,550,1020,4.0,1040.15,845,4,760,16,75.7115,1,
Waspaloy,58.091,19.1,13.2,0.5,1.43,3.21,0.0,4.43,0.0,0.035,0.004,0.0,730,550,1020,4.0,1040.15,845,4,760,48,76.01,1,
Waspaloy,58.091,19.1,13.2,0.5,1.43,3.21,0.0,4.43,0.0,0.035,0.004,0.0,730,550,1020,4.0,1040.15,845,4,720,16,71.51,1,
Waspaloy,58.091,19.1,13.2,0.5,1.43,3.21,0.0,4.43,0.0,0.035,0.004,0.0,730,550,1020,4.0,1040.15,845,4,800,16,72.5,1,
Waspaloy,58.854,19.31,13.39,0.0,1.46,2.64,0.0,4.3,0.0,0.042,0.004,0.0,650,620,1080,4.0,1008.9,845,24,760,16,928.3,0,
Waspaloy,58.736,19.44,13.6,0.0,1.38,2.62,0.0,4.18,0.0,0.037,0.007,0.0,650,620,1080,4.0,1003.6,845,24,760,16,2599.0,1,
Waspaloy,57.5705,19.21,14.2,0.15,1.37,2.97,0.0,4.42,0.0,0.048,0.0055,0.056,732,549,1000,4.0,1023.0,845,4,760,16,41.41,0,
Waspaloy,57.5705,19.21,14.2,0.15,1.37,2.97,0.0,4.42,0.0,0.048,0.0055,0.056,732,549,1000,4.0,1023.0,845,4,760,16,69.42,1,
Waspaloy,57.5705,19.21,14.2,0.15,1.37,2.97,0.0,4.42,0.0,0.048,0.0055,0.056,732,549,1010,4.0,1023.0,845,4,760,16,36.5,0,
Waspaloy,57.5705,19.21,14.2,0.15,1.37,2.97,0.0,4.42,0.0,0.048,0.0055,0.056,732,549,1010,4.0,1023.0,845,4,760,16,55.45,0,
Waspaloy,57.5705,19.21,14.2,0.15,1.37,2.97,0.0,4.42,0.0,0.048,0.0055,0.056,732,549,1020,4.0,1023.0,845,4,760,16,45.05,0,
Waspaloy,57.5705,19.21,14.2,0.15,1.37,2.97,0.0,4.42,0.0,0.048,0.0055,0.056,732,549,1020,4.0,1023.0,845,4,760,16,73.32,1,
Waspaloy,57.5705,19.21,14.2,0.15,1.37,2.97,0.0,4.42,0.0,0.048,0.0055,0.056,732,549,1030,4.0,1023.0,845,4,760,16,67.5,1,
Waspaloy,57.5705,19.21,14.2,0.15,1.37,2.97,0.0,4.42,0.0,0.048,0.0055,0.056,732,549,1030,4.0,1023.0,845,4,760,16,95.12,1,
Waspaloy,57.5705,19.21,14.2,0.15,1.37,2.97,0.0,4.42,0.0,0.048,0.0055,0.056,815,325,1040,4.0,1023.0,845,4,760,16,53.0,0,
Waspaloy,57.5705,19.21,14.2,0.15,1.37,2.97,0.0,4.42,0.0,0.048,0.0055,0.056,815,325,1060,4.0,1023.0,845,4,760,16,64.0,1,
Waspaloy,57.5705,19.21,14.2,0.15,1.37,2.97,0.0,4.42,0.0,0.048,0.0055,0.056,815,325,1080,4.0,1023.0,845,4,760,16,47.0,0,
Waspaloy,57.83,19.14,13.34,0.47,1.46,3.24,0.0,4.42,0.0,0.042,0.004,0.054,730,550,1000,4.0,1043.0,845,4,760,16,32.19,0,
Waspaloy,57.83,19.14,13.34,0.47,1.46,3.24,0.0,4.42,0.0,0.042,0.004,0.054,730,550,1010,4.0,1043.0,845,4,760,16,39.74,0,
Waspaloy,57.83,19.14,13.34,0.47,1.46,3.24,0.0,4.42,0.0,0.042,0.004,0.054,730,550,1020,4.0,1043.0,845,4,760,16,41.25,0,
Waspaloy,57.83,19.14,13.34,0.47,1.46,3.24,0.0,4.42,0.0,0.042,0.004,0.054,730,550,1030,4.0,1043.0,845,4,760,16,48.49,0,
Waspaloy,57.83,19.14,13.34,0.47,1.46,3.24,0.0,4.42,0.0,0.042,0.004,0.054,730,550,1040,4.0,1043.0,845,4,760,16,69.5,1,
Waspaloy,57.246,19.51,13.49,0.78,1.38,3.09,0.0,4.39,0.0,0.05,0.004,0.06,815,295,1020,4.0,1030.0,845,4,760,16,42.81,0,
Waspaloy,57.246,19.51,13.49,0.78,1.38,3.09,0.0,4.39,0.0,0.05,0.004,0.06,815,295,1080,4.0,1030.0,845,24,760,16,81.12,1,
Waspaloy,58.583,19.3,13.5,0.0,1.55,3.1,0.0,3.85,0.0,0.06,0.007,0.05,730,515,1040,1.7,1030.0,755,13,0,0,95.5,1,
IN718,51.82,18.94,0.03,19.35,0.59,1.0,5.23,3.01,0.0,0.03,0.0,0.0,650,690,960,1.0,973.0,720,8,620,8,117.0,0,
IN718,51.82,18.94,0.03,19.35,0.59,1.0,5.23,3.01,0.0,0.03,0.0,0.0,670,690,960,1.0,973.0,720,8,620,8,40.0,0,
IN718,51.82,18.94,0.03,19.35,0.59,1.0,5.23,3.01,0.0,0.03,0.0,0.0,690,690,960,1.0,973.0,720,8,620,8,13.0,0,
IN718,53.229,18.92,0.0,17.6,0.56,1.0,5.35,3.3,0.0,0.03,0.011,0.0,660,680,0,0.0,973.0,720,8,620,8,185.0,1,
IN718,53.229,18.92,0.0,17.6,0.56,1.0,5.35,3.3,0.0,0.03,0.011,0.0,660,700,0,0.0,973.0,720,8,620,8,123.0,1,
IN718,53.229,18.92,0.0,17.6,0.56,1.0,5.35,3.3,0.0,0.03,0.011,0.0,660,720,0,0.0,973.0,720,8,620,8,80.0,1,
IN718,53.229,18.92,0.0,17.6,0.56,1.0,5.35,3.3,0.0,0.03,0.011,0.0,670,700,0,0.0,973.0,720,8,620,8,54.0,1,
IN718,53.229,18.92,0.0,17.6,0.56,1.0,5.35,3.3,0.0,0.03,0.011,0.0,680,700,0,0.0,973.0,720,8,620,8,38.0,1,
IN718,52.3,19.01,0.02,18.937,0.57,1.0,5.07,3.06,0.0,0.03,0.003,0.0,650,725,960,2.0,967.0,720,8,620,8,123.0,0,
IN718,52.3,19.01,0.02,18.937,0.57,1.0,5.07,3.06,0.0,0.03,0.003,0.0,650,725,960,1.0,967.0,720,8,620,8,88.0,0,
IN718,52.3,19.01,0.02,18.937,0.57,1.0,5.07,3.06,0.0,0.03,0.003,0.0,650,725,0,0.0,967.0,720,8,620,8,169.0,1,
IN718,53.44,18.56,0.0,18.472,0.44,1.04,5.0,3.02,0.0,0.026,0.002,0.0,650,725,960,1.0,965.0,720,8,0,0,137.39,1,
IN718,53.44,18.56,0.0,18.472,0.44,1.04,5.0,3.02,0.0,0.026,0.002,0.0,650,725,960,1.0,965.0,0,0,620,8,59.76,0,
IN718,53.44,18.56,0.0,18.472,0.44,1.04,5.0,3.02,0.0,0.026,0.002,0.0,650,725,960,1.0,965.0,720,8,620,8,201.56,1,
IN718,53.44,18.56,0.0,18.472,0.44,1.04,5.0,3.02,0.0,0.026,0.002,0.0,650,725,980,1.0,965.0,720,8,620,8,178.45,1,
IN718,52.3,19.01,0.02,18.967,0.57,1.0,5.07,3.03,0.0,0.03,0.003,0.0,650,725,960,1.0,968.0,720,8,620,8,86.0,0,
IN718,51.31,18.94,0.02,20.215,0.37,1.02,5.06,3.03,0.0,0.03,0.005,0.0,650,725,960,1.0,978.0,720,8,620,8,136.2,1,
IN718,51.31,18.94,0.02,20.215,0.37,1.02,5.06,3.03,0.0,0.03,0.005,0.0,650,725,0,0.0,978.0,720,8,620,8,166.3,1,
IN718,53.0,19.0,0.0,18.156,0.5,1.0,5.3,3.0,0.0,0.04,0.004,0.0,660,700,960,1.0,974.0,720,8,620,8,160.0,1,
IN718,53.0,19.0,0.0,18.156,0.5,1.0,5.3,3.0,0.0,0.04,0.004,0.0,660,720,960,1.0,974.0,720,8,620,8,55.0,0,
IN718,53.0,19.0,0.0,18.156,0.5,1.0,5.3,3.0,0.0,0.04,0.004,0.0,660,740,960,1.0,974.0,720,8,620,8,34.0,0,
IN718,53.0,19.0,0.0,18.156,0.5,1.0,5.3,3.0,0.0,0.04,0.004,0.0,670,700,960,1.0,974.0,720,8,620,8,57.0,1,
IN718,53.0,19.0,0.0,18.156,0.5,1.0,5.3,3.0,0.0,0.04,0.004,0.0,680,700,960,1.0,974.0,720,8,620,8,18.0,0,
IN718,53.0,19.0,0.0,18.156,0.5,1.0,5.3,3.0,0.0,0.04,0.004,0.0,660,700,0,0.0,974.0,0,0,0,0,60.0,0,
IN718,53.0,19.0,0.0,18.156,0.5,1.0,5.3,3.0,0.0,0.04,0.004,0.0,660,700,0,0.0,974.0,720,8,620,8,126.0,1,
IN718,53.0,19.0,0.0,18.156,0.5,1.0,5.3,3.0,0.0,0.04,0.004,0.0,650,700,0,0.0,974.0,720,8,620,8,500.0,1,
IN718,53.0,19.0,0.0,18.156,0.5,1.0,5.3,3.0,0.0,0.04,0.004,0.0,670,700,0,0.0,974.0,720,8,620,8,67.0,1,
IN718,53.0,19.0,0.0,18.156,0.5,1.0,5.3,3.0,0.0,0.04,0.004,0.0,660,720,0,0.0,974.0,720,8,620,8,110.0,1,
IN718,53.0,19.0,0.0,18.156,0.5,1.0,5.3,3.0,0.0,0.04,0.004,0.0,660,740,0,0.0,974.0,720,8,620,8,55.0,1,
IN718,53.0,19.0,0.0,18.156,0.5,1.0,5.3,3.0,0.0,0.04,0.004,0.0,660,700,0,0.0,974.0,0,0,680,300,108.0,0,
IN718,51.7,19.7,0.07,18.8986,0.42,1.01,5.04,3.12,0.0,0.039,0.0024,0.0,600,860,0,0.0,976.0,720,8,620,8,497.47,1,
IN718,51.7,19.7,0.07,18.8986,0.42,1.01,5.04,3.12,0.0,0.039,0.0024,0.0,600,880,0,0.0,976.0,720,8,620,8,342.25,1,
IN718,51.7,19.7,0.07,18.8986,0.42,1.01,5.04,3.12,0.0,0.039,0.0024,0.0,600,900,0,0.0,976.0,720,8,620,8,223.2,1,
IN718,51.7,19.7,0.07,18.8986,0.42,1.01,5.04,3.12,0.0,0.039,0.0024,0.0,600,920,0,0.0,976.0,720,8,620,8,118.75,1,
IN718,51.7,19.7,0.07,18.8986,0.42,1.01,5.04,3.12,0.0,0.039,0.0024,0.0,600,950,0,0.0,976.0,720,8,620,8,67.5,1,
IN718,51.7,19.7,0.07,18.8986,0.42,1.01,5.04,3.12,0.0,0.039,0.0024,0.0,600,980,0,0.0,976.0,720,8,620,8,18.15,1,
IN718,51.7,19.7,0.07,18.8986,0.42,1.01,5.04,3.12,0.0,0.039,0.0024,0.0,600,1010,0,0.0,976.0,720,8,620,8,17.42,1,
IN718,51.7,19.7,0.07,18.8986,0.42,1.01,5.04,3.12,0.0,0.039,0.0024,0.0,650,630,0,0.0,976.0,720,8,620,8,731.0,1,
IN718,51.7,19.7,0.07,18.8986,0.42,1.01,5.04,3.12,0.0,0.039,0.0024,0.0,650,660,0,0.0,976.0,720,8,620,8,388.39,1,
IN718,51.7,19.7,0.07,18.8986,0.42,1.01,5.04,3.12,0.0,0.039,0.0024,0.0,650,690,0,0.0,976.0,720,8,620,8,268.0,1,
IN718,51.7,19.7,0.07,18.8986,0.42,1.01,5.04,3.12,0.0,0.039,0.0024,0.0,650,720,0,0.0,976.0,720,8,620,8,174.1,1,
IN718,51.7,19.7,0.07,18.8986,0.42,1.01,5.04,3.12,0.0,0.039,0.0024,0.0,650,750,0,0.0,976.0,720,8,620,8,83.03,1,
IN718,51.7,19.7,0.07,18.8986,0.42,1.01,5.04,3.12,0.0,0.039,0.0024,0.0,650,780,0,0.0,976.0,720,8,620,8,69.62,1,
IN718,51.7,19.7,0.07,18.8986,0.42,1.01,5.04,3.12,0.0,0.039,0.0024,0.0,650,810,0,0.0,976.0,720,8,620,8,29.46,1,
IN718,53.0,19.0,0.0,18.15,0.5,1.0,5.3,3.0,0.0,0.05,0.0,0.0,800,150,975,1.0,971.0,720,8,620,8,69.6,0,
IN718,53.0,19.0,0.0,18.15,0.5,1.0,5.3,3.0,0.0,0.05,0.0,0.0,800,100,975,1.0,971.0,720,8,620,8,172.5,0,
IN718,53.0,19.0,0.0,18.15,0.5,1.0,5.3,3.0,0.0,0.05,0.0,0.0,800,75,975,1.0,971.0,720,8,620,8,350.4,0,
IN718,53.0,19.0,0.0,18.15,0.5,1.0,5.3,3.0,0.0,0.05,0.0,0.0,800,50,975,1.0,971.0,720,8,620,8,479.2,0,
IN718,53.0,19.0,0.0,18.15,0.5,1.0,5.3,3.0,0.0,0.05,0.0,0.0,850,100,975,1.0,971.0,720,8,620,8,24.1,0,
IN718,53.0,19.0,0.0,18.15,0.5,1.0,5.3,3.0,0.0,0.05,0.0,0.0,850,75,975,1.0,971.0,720,8,620,8,121.5,0,
IN718,53.0,19.0,0.0,18.15,0.5,1.0,5.3,3.0,0.0,0.05,0.0,0.0,850,50,975,1.0,971.0,720,8,620,8,168.4,0,
IN718,53.0,19.0,0.0,18.15,0.5,1.0,5.3,3.0,0.0,0.05,0.0,0.0,850,25,975,1.0,971.0,720,8,620,8,404.1,0,
IN718,53.0,19.0,0.0,18.15,0.5,1.0,5.3,3.0,0.0,0.05,0.0,0.0,900,75,975,1.0,971.0,720,8,620,8,8.3,0,
IN718,53.0,19.0,0.0,18.15,0.5,1.0,5.3,3.0,0.0,0.05,0.0,0.0,900,50,975,1.0,971.0,720,8,620,8,91.0,0,
IN718,52.82,18.96,0.0,18.36,0.59,1.0,5.23,3.01,0.0,0.03,0.0,0.0,670,700,0,0.0,965.0,720,8,620,8,51.57,0,
IN718,52.82,18.96,0.0,18.36,0.59,1.0,5.23,3.01,0.0,0.03,0.0,0.0,670,700,900,2.0,965.0,720,8,620,8,52.13,0,
IN718,52.82,18.96,0.0,18.36,0.59,1.0,5.23,3.01,0.0,0.03,0.0,0.0,670,700,900,4.0,965.0,720,8,620,8,55.0,1,
IN718,52.82,18.96,0.0,18.36,0.59,1.0,5.23,3.01,0.0,0.03,0.0,0.0,670,700,900,8.0,965.0,720,8,620,8,50.57,0,
IN718,52.82,18.96,0.0,18.36,0.59,1.0,5.23,3.01,0.0,0.03,0.0,0.0,670,700,900,16.0,965.0,720,8,620,8,35.0,0,
IN718,52.886,18.73,0.03,18.22,0.5,1.06,5.48,3.06,0.0,0.03,0.004,0.0,700,720,975,1.0,983.0,720,8,620,8,6.25,0,
IN718,52.886,18.73,0.03,18.22,0.5,1.06,5.48,3.06,0.0,0.03,0.004,0.0,700,650,975,1.0,983.0,720,8,620,8,13.75,0,
IN718,52.886,18.73,0.03,18.22,0.5,1.06,5.48,3.06,0.0,0.03,0.004,0.0,700,560,975,1.0,983.0,720,8,620,8,51.25,0,
IN718,52.96,19.0,0.0,18.5,0.5,0.9,5.1,3.0,0.0,0.04,0.0,0.0,593,1172,1010,1.0,968.0,718,8,621,8,100.0,1,
IN718,52.96,19.0,0.0,18.5,0.5,0.9,5.1,3.0,0.0,0.04,0.0,0.0,649,758,1010,1.0,968.0,718,8,621,8,100.0,1,
IN718,52.96,19.0,0.0,18.5,0.5,0.9,5.1,3.0,0.0,0.04,0.0,0.0,704,517,1010,1.0,968.0,718,8,621,8,100.0,1,
IN718,52.96,19.0,0.0,18.5,0.5,0.9,5.1,3.0,0.0,0.04,0.0,0.0,760,303,1010,1.0,968.0,718,8,621,8,100.0,1,
IN718,52.96,19.0,0.0,18.5,0.5,0.9,5.1,3.0,0.0,0.04,0.0,0.0,593,896,1010,1.0,968.0,718,8,621,8,1000.0,1,
IN718,52.96,19.0,0.0,18.5,0.5,0.9,5.1,3.0,0.0,0.04,0.0,0.0,649,586,1010,1.0,968.0,718,8,621,8,1000.0,1,
IN718,52.96,19.0,0.0,18.5,0.5,0.9,5.1,3.0,0.0,0.04,0.0,0.0,704,379,1010,1.0,968.0,718,8,621,8,1000.0,1,
IN718,52.96,19.0,0.0,18.5,0.5,0.9,5.1,3.0,0.0,0.04,0.0,0.0,760,172,1010,1.0,968.0,718,8,621,8,1000.0,1,
IN718g,52.3,18.18,0.0,19.1394,1.24,0.93,5.16,3.01,0.0,0.031,0.0096,0.0,680,700,0,0.0,936.0,720,8,620,8,56.0,1,
IN718g,52.3,18.18,0.0,19.1394,1.24,0.93,5.16,3.01,0.0,0.031,0.0096,0.0,680,650,0,0.0,936.0,720,8,620,8,123.0,1,
IN718g,52.3,18.18,0.0,19.1394,1.24,0.93,5.16,3.01,0.0,0.031,0.0096,0.0,680,630,0,0.0,936.0,720,8,620,8,178.0,1,
IN718g,52.3,18.18,0.0,19.1394,1.24,0.93,5.16,3.01,0.0,0.031,0.0096,0.0,680,700,960,1.0,936.0,720,8,620,8,27.6,0,
IN718g,52.3,18.18,0.0,19.1394,1.24,0.93,5.16,3.01,0.0,0.031,0.0096,0.0,680,650,960,1.0,936.0,720,8,620,8,52.4,0,
IN718g,52.3,18.18,0.0,19.1394,1.24,0.93,5.16,3.01,0.0,0.031,0.0096,0.0,680,630,960,1.0,936.0,720,8,620,8,62.4,0,
IN718g,53.229,18.92,0.0,17.6,0.56,1.0,5.35,3.3,0.0,0.03,0.011,0.0,660,680,0,0.0,973.0,720,8,620,8,185.0,1,
IN718g,53.229,18.92,0.0,17.6,0.56,1.0,5.35,3.3,0.0,0.03,0.011,0.0,660,700,0,0.0,973.0,720,8,620,8,123.0,1,
IN718g,53.229,18.92,0.0,17.6,0.56,1.0,5.35,3.3,0.0,0.03,0.011,0.0,660,720,0,0.0,973.0,720,8,620,8,80.0,1,
IN718g,53.229,18.92,0.0,17.6,0.56,1.0,5.35,3.3,0.0,0.03,0.011,0.0,670,700,0,0.0,973.0,720,8,620,8,54.0,1,
IN718g,53.229,18.92,0.0,17.6,0.56,1.0,5.35,3.3,0.0,0.03,0.011,0.0,680,700,0,0.0,973.0,720,8,620,8,39.0,1,
IN718g,53.229,18.92,0.0,17.6,0.56,1.0,5.35,3.3,0.0,0.03,0.011,0.0,660,680,0,0.0,973.0,720,8,680,300,145.6,0,
IN718g,53.229,18.92,0.0,17.6,0.56,1.0,5.35,3.3,0.0,0.03,0.011,0.0,660,700,0,0.0,973.0,720,8,680,300,117.3,0,
IN718g,53.229,18.92,0.0,17.6,0.56,1.0,5.35,3.3,0.0,0.03,0.011,0.0,660,720,0,0.0,973.0,720,8,680,300,26.3,0,
IN718g,53.229,18.92,0.0,17.6,0.56,1.0,5.35,3.3,0.0,0.03,0.011,0.0,670,700,0,0.0,973.0,720,8,680,300,57.6,1,
IN718g,53.229,18.92,0.0,17.6,0.56,1.0,5.35,3.3,0.0,0.03,0.011,0.0,680,700,0,0.0,973.0,720,8,680,300,30.0,1,
IN718g,53.229,18.92,0.0,17.6,0.56,1.0,5.35,3.3,0.0,0.03,0.011,0.0,660,680,960,1.0,973.0,720,8,620,8,182.71,1,
IN718g,53.229,18.92,0.0,17.6,0.56,1.0,5.35,3.3,0.0,0.03,0.011,0.0,660,700,960,1.0,973.0,720,8,620,8,118.15,1,
IN718g,53.229,18.92,0.0,17.6,0.56,1.0,5.35,3.3,0.0,0.03,0.011,0.0,660,720,960,1.0,973.0,720,8,620,8,58.42,0,
IN718g,53.229,18.92,0.0,17.6,0.56,1.0,5.35,3.3,0.0,0.03,0.011,0.0,670,700,960,1.0,973.0,720,8,620,8,67.91,1,
IN718g,53.229,18.92,0.0,17.6,0.56,1.0,5.35,3.3,0.0,0.03,0.011,0.0,680,700,960,1.0,973.0,720,8,620,8,25.0,0,
IN718g,53.229,18.92,0.0,17.6,0.56,1.0,5.35,3.3,0.0,0.03,0.011,0.0,660,680,1030,1.0,973.0,720,8,620,8,46.0,0,
IN718g,53.229,18.92,0.0,17.6,0.56,1.0,5.35,3.3,0.0,0.03,0.011,0.0,660,700,1030,1.0,973.0,720,8,620,8,40.3,0,
IN718g,53.229,18.92,0.0,17.6,0.56,1.0,5.35,3.3,0.0,0.03,0.011,0.0,660,720,1030,1.0,973.0,720,8,620,8,19.0,0,
IN718g,53.229,18.92,0.0,17.6,0.56,1.0,5.35,3.3,0.0,0.03,0.011,0.0,670,700,1030,1.0,973.0,720,8,620,8,21.0,0,
IN718g,53.229,18.92,0.0,17.6,0.56,1.0,5.35,3.3,0.0,0.03,0.011,0.0,680,700,1030,1.0,973.0,720,8,620,8,14.0,0,
IN718,52.82,18.96,0.03,18.32,0.59,1.0,5.23,3.01,0.0,0.04,0.0,0.0,630,700,900,4.0,968.0,720,8,620,8,611.76,1,
IN718,52.82,18.96,0.03,18.32,0.59,1.0,5.23,3.01,0.0,0.04,0.0,0.0,650,700,900,4.0,968.0,720,8,620,8,340.27,0,
IN718,52.82,18.96,0.03,18.32,0.59,1.0,5.23,3.01,0.0,0.04,0.0,0.0,670,700,900,4.0,968.0,720,8,620,8,57.91,1,
IN718,52.82,18.96,0.03,18.32,0.59,1.0,5.23,3.01,0.0,0.04,0.0,0.0,630,730,900,4.0,968.0,720,8,620,8,314.93,1,
IN718,52.82,18.96,0.03,18.32,0.59,1.0,5.23,3.01,0.0,0.04,0.0,0.0,650,730,900,4.0,968.0,720,8,620,8,112.21,0,
IN718,52.82,18.96,0.03,18.32,0.59,1.0,5.23,3.01,0.0,0.04,0.0,0.0,670,730,900,4.0,968.0,720,8,620,8,50.0,1,
IN718,52.82,18.96,0.03,18.32,0.59,1.0,5.23,3.01,0.0,0.04,0.0,0.0,630,760,900,4.0,968.0,720,8,620,8,72.39,0,
IN718,52.82,18.96,0.03,18.32,0.59,1.0,5.23,3.01,0.0,0.04,0.0,0.0,650,760,900,4.0,968.0,720,8,620,8,32.55,0,
IN718,52.82,18.96,0.03,18.32,0.59,1.0,5.23,3.01,0.0,0.04,0.0,0.0,670,760,900,4.0,968.0,720,8,620,8,18.0,0,
IN718,53.0,19.0,0.0,18.056,0.5,1.0,5.3,3.1,0.0,0.04,0.004,0.0,680,725,960,1.0,973.0,720,8,620,8,4.6,0,
M718,53.0,19.0,0.0,13.856,0.7,1.1,4.8,7.5,0.0,0.04,0.004,0.0,680,725,960,1.0,924.0,720,8,620,8,16.8,1,
M718,53.0,19.0,0.0,13.856,0.7,1.1,4.8,7.5,0.0,0.04,0.004,0.0,680,725,960,1.0,924.0,750,8,620,8,22.3,1,
M718,53.0,19.0,0.0,13.856,0.7,1.1,4.8,7.5,0.0,0.04,0.004,0.0,680,725,1020,1.0,924.0,750,8,620,8,21.0,1,
M718,53.0,19.0,0.0,13.856,0.7,1.1,4.8,7.5,0.0,0.04,0.004,0.0,680,725,1050,1.0,924.0,750,8,620,8,11.4,0,
AD730,58.895,15.7,8.5,4.0,2.25,3.7,1.1,3.1,2.7,0.015,0.01,0.03,700,690,1080,4.0,1104.0,0,0,0,0,333.0,1,
AD730,58.895,15.7,8.5,4.0,2.25,3.7,1.1,3.1,2.7,0.015,0.01,0.03,700,690,1080,4.0,1104.0,730,8,0,0,268.0,1,
AD730,58.895,15.7,8.5,4.0,2.25,3.7,1.1,3.1,2.7,0.015,0.01,0.03,700,690,1080,4.0,1104.0,760,8,0,0,220.0,1,
AD730,58.895,15.7,8.5,4.0,2.25,3.7,1.1,3.1,2.7,0.015,0.01,0.03,700,690,1080,4.0,1104.0,790,8,0,0,100.0,0,
AD730,58.895,15.7,8.5,4.0,2.25,3.7,1.1,3.1,2.7,0.015,0.01,0.03,700,690,1080,4.0,1104.0,730,4,0,0,267.0,1,
AD730,58.895,15.7,8.5,4.0,2.25,3.7,1.1,3.1,2.7,0.015,0.01,0.03,700,690,1080,4.0,1104.0,730,16,0,0,292.0,1,
AD730,58.895,15.7,8.5,4.0,2.25,3.7,1.1,3.1,2.7,0.015,0.01,0.03,700,690,1080,4.0,1104.0,760,4,0,0,175.0,0,
AD730,58.895,15.7,8.5,4.0,2.25,3.7,1.1,3.1,2.7,0.015,0.01,0.03,700,690,1080,4.0,1104.0,760,16,0,0,128.0,0,
AD730,58.895,15.7,8.5,4.0,2.25,3.7,1.1,3.1,2.7,0.015,0.01,0.03,700,690,1080,4.0,1104.0,730,8,700,8,331.0,1,
AD730,58.895,15.7,8.5,4.0,2.25,3.7,1.1,3.1,2.7,0.015,0.01,0.03,700,690,1080,4.0,1104.0,760,8,700,8,208.0,1,
AD730,58.895,15.7,8.5,4.0,2.25,3.7,1.1,3.1,2.7,0.015,0.01,0.03,700,690,1080,4.0,1104.0,790,8,700,8,119.0,0,
AD730,59.364,15.83,8.28,4.15,2.31,3.44,1.1,2.86,2.6,0.02,0.011,0.035,700,600,1120,4.0,1096.0,840,16,0,0,391.5,0,
AD730,59.364,15.83,8.28,4.15,2.31,3.44,1.1,2.86,2.6,0.02,0.011,0.035,700,600,1120,4.0,1096.0,760,16,0,0,886.58,1,
AD730,58.84,16.0,8.5,4.0,2.3,3.5,1.1,3.0,2.7,0.02,0.01,0.03,850,100,1080,4.0,1110.0,730,8,0,0,53.12,0,
AD730,58.84,16.0,8.5,4.0,2.3,3.5,1.1,3.0,2.7,0.02,0.01,0.03,850,200,1080,4.0,1110.0,730,8,0,0,15.12,0,
AD730,58.84,16.0,8.5,4.0,2.3,3.5,1.1,3.0,2.7,0.02,0.01,0.03,850,250,1080,4.0,1110.0,730,8,0,0,6.31,0,
AD730,58.84,16.0,8.5,4.0,2.3,3.5,1.1,3.0,2.7,0.02,0.01,0.03,700,850,1080,4.0,1110.0,730,8,0,0,19.05,0,
AD730,58.84,16.0,8.5,4.0,2.3,3.5,1.1,3.0,2.7,0.02,0.01,0.03,700,750,1080,4.0,1110.0,730,8,0,0,177.77,0,
AD730,58.84,16.0,8.5,4.0,2.3,3.5,1.1,3.0,2.7,0.02,0.01,0.03,700,700,1080,4.0,1110.0,730,8,0,0,206.35,1,
AD730,58.84,16.0,8.5,4.0,2.3,3.5,1.1,3.0,2.7,0.02,0.01,0.03,700,600,1080,4.0,1110.0,730,8,0,0,517.45,0,
AD730,58.84,16.0,8.5,4.0,2.3,3.5,1.1,3.0,2.7,0.02,0.01,0.03,700,800,1080,4.0,1110.0,730,8,0,0,66.09,1,
AD730,59.195,15.7,8.5,4.0,2.25,3.4,1.1,3.1,2.7,0.015,0.01,0.03,700,500,1080,4.0,1093.0,790,8,0,0,600.0,1,
AD730,59.195,15.7,8.5,4.0,2.25,3.4,1.1,3.1,2.7,0.015,0.01,0.03,750,450,1060,4.0,1093.0,760,6,0,0,77.0,0,
AD730,59.195,15.7,8.5,4.0,2.25,3.4,1.1,3.1,2.7,0.015,0.01,0.03,750,450,1070,4.0,1093.0,760,6,0,0,115.0,0,
AD730,59.195,15.7,8.5,4.0,2.25,3.4,1.1,3.1,2.7,0.015,0.01,0.03,750,450,1080,4.0,1093.0,760,6,0,0,185.0,1,
AD730,59.195,15.7,8.5,4.0,2.25,3.4,1.1,3.1,2.7,0.015,0.01,0.03,750,450,1120,4.0,1093.0,760,6,0,0,772.0,1,
AD730,59.195,15.7,8.5,4.0,2.25,3.4,1.1,3.1,2.7,0.015,0.01,0.03,700,690,1080,4.0,1093.0,760,6,0,0,65.0,0,
AD730,59.195,15.7,8.5,4.0,2.25,3.4,1.1,3.1,2.7,0.015,0.01,0.03,700,690,1080,4.0,1093.0,760,6,0,0,49.0,0,
AD730,59.195,15.7,8.5,4.0,2.25,3.4,1.1,3.1,2.7,0.015,0.01,0.03,700,690,1080,4.0,1093.0,760,6,0,0,31.0,0,
U720Li,58.226,15.52,14.44,0.0,2.55,4.98,0.0,3.02,1.18,0.016,0.018,0.05,680,830,1160,4.0,1157.58,650,24,760,16,231.96,1,
U720Li,58.226,15.52,14.44,0.0,2.55,4.98,0.0,3.02,1.18,0.016,0.018,0.05,680,830,1160,4.0,1157.58,650,24,760,16,227.23,0,
U720Li,58.226,15.52,14.44,0.0,2.55,4.98,0.0,3.02,1.18,0.016,0.018,0.05,680,830,1160,4.0,1157.58,650,24,760,16,167.37,0,
U720Li,58.226,15.52,14.44,0.0,2.55,4.98,0.0,3.02,1.18,0.016,0.018,0.05,680,830,1165,4.0,1157.58,650,24,760,16,59.37,0,
U720Li,58.226,15.52,14.44,0.0,2.55,4.98,0.0,3.02,1.18,0.016,0.018,0.05,730,530,1160,4.0,1157.58,650,24,760,16,101.89,0,
U720Li,58.226,15.52,14.44,0.0,2.55,4.98,0.0,3.02,1.18,0.016,0.018,0.05,730,530,1160,4.0,1157.58,650,24,760,16,82.06,0,
U720Li,58.226,15.52,14.44,0.0,2.55,4.98,0.0,3.02,1.18,0.016,0.018,0.05,730,530,1160,4.0,1157.58,650,24,760,16,469.81,1,
U720Li,58.226,15.52,14.44,0.0,2.55,4.98,0.0,3.02,1.18,0.016,0.018,0.05,730,530,1165,4.0,1157.58,650,24,760,16,105.41,1,
U720Li,57.64,15.93,14.56,0.0,2.51,5.02,0.0,3.02,1.24,0.016,0.014,0.05,680,830,1060,4.0,1158.0,650,24,760,16,148.77,0,
U720Li,57.64,15.93,14.56,0.0,2.51,5.02,0.0,3.02,1.24,0.016,0.014,0.05,680,830,1090,4.0,1158.0,650,24,760,16,205.41,0,
U720Li,57.64,15.93,14.56,0.0,2.51,5.02,0.0,3.02,1.24,0.016,0.014,0.05,680,830,1100,4.0,1158.0,650,24,760,16,224.82,0,
U720Li,57.64,15.93,14.56,0.0,2.51,5.02,0.0,3.02,1.24,0.016,0.014,0.05,680,830,1110,4.0,1158.0,650,24,760,16,241.35,1,
U720Li,57.64,15.93,14.56,0.0,2.51,5.02,0.0,3.02,1.24,0.016,0.014,0.05,680,830,1120,4.0,1158.0,650,24,760,16,360.88,1,
U720Li,57.64,15.93,14.56,0.0,2.51,5.02,0.0,3.02,1.24,0.016,0.014,0.05,680,830,1130,4.0,1158.0,650,24,760,16,405.17,1,
U720Li,57.64,15.93,14.56,0.0,2.51,5.02,0.0,3.02,1.24,0.016,0.014,0.05,680,830,1160,4.0,1158.0,650,24,760,16,371.5,1,
U720Li,57.64,15.93,14.56,0.0,2.51,5.02,0.0,3.02,1.24,0.016,0.014,0.05,850,245,1100,4.0,1158.0,650,24,760,16,31.35,0,
U720Li,57.64,15.93,14.56,0.0,2.51,5.02,0.0,3.02,1.24,0.016,0.014,0.05,850,245,1145,4.0,1158.0,650,24,760,16,154.55,0,
U720Li,57.64,15.93,14.56,0.0,2.51,5.02,0.0,3.02,1.24,0.016,0.014,0.05,850,245,1160,4.0,1158.0,650,24,760,16,836.36,1,
U720Li,57.64,15.93,14.56,0.0,2.51,5.02,0.0,3.02,1.24,0.016,0.014,0.05,850,245,1170,4.0,1158.0,650,24,760,16,1150.0,1,
U720Li,57.64,15.93,14.56,0.0,2.51,5.02,0.0,3.02,1.24,0.016,0.014,0.05,850,245,1180,4.0,1158.0,650,24,760,16,928.27,1,
U720Li,57.22,16.3,14.8,0.0,2.4,4.8,0.0,3.1,1.3,0.03,0.02,0.03,725,630,1100,4.0,1146.0,650,24,760,16,35.21,0,
U720Li,57.177,16.0,15.0,0.0,2.5,5.0,0.0,3.0,1.25,0.025,0.018,0.03,725,480,1100,4.0,1157.0,650,24,760,16,139.67,0,
U720Li,57.177,16.0,15.0,0.0,2.5,5.0,0.0,3.0,1.25,0.025,0.018,0.03,725,630,1100,4.0,1157.0,650,24,760,16,59.12,0,
U720Li,57.177,16.0,15.0,0.0,2.5,5.0,0.0,3.0,1.25,0.025,0.018,0.03,725,830,1100,4.0,1157.0,650,24,760,16,5.0,0,
U720Li,56.399,16.2,15.3,0.0,2.47,5.18,0.0,3.06,1.3,0.023,0.018,0.05,650,900,1110,4.0,1162.0,650,24,760,16,62.53,1,
U720Li,56.399,16.2,15.3,0.0,2.47,5.18,0.0,3.06,1.3,0.023,0.018,0.05,650,850,1110,4.0,1162.0,650,24,760,16,222.1,1,
U720Li,56.399,16.2,15.3,0.0,2.47,5.18,0.0,3.06,1.3,0.023,0.018,0.05,650,800,1110,4.0,1162.0,650,24,760,16,357.95,1,
U720Li,56.399,16.2,15.3,0.0,2.47,5.18,0.0,3.06,1.3,0.023,0.018,0.05,650,750,1110,4.0,1162.0,650,24,760,16,800.0,1,
FGH4096,56.185,16.0,13.0,0.0,2.2,3.8,0.7,4.0,4.0,0.05,0.015,0.05,704,690,1080,2.0,1113.15,0,0,0,0,174.27,0,
FGH4096,56.185,16.0,13.0,0.0,2.2,3.8,0.7,4.0,4.0,0.05,0.015,0.05,704,690,1080,2.0,1113.15,700,8,0,0,196.89,1,
FGH4096,56.185,16.0,13.0,0.0,2.2,3.8,0.7,4.0,4.0,0.05,0.015,0.05,704,690,1080,2.0,1113.15,730,8,0,0,262.0,1,
FGH4096,56.185,16.0,13.0,0.0,2.2,3.8,0.7,4.0,4.0,0.05,0.015,0.05,704,690,1080,2.0,1113.15,760,8,0,0,102.0,0,
FGH4096,56.185,16.0,13.0,0.0,2.2,3.8,0.7,4.0,4.0,0.05,0.015,0.05,704,690,1080,2.0,1113.15,790,8,0,0,69.17,0,
FGH4096,56.185,16.0,13.0,0.0,2.2,3.8,0.7,4.0,4.0,0.05,0.015,0.05,704,690,1080,2.0,1113.15,730,4,0,0,198.0,1,
FGH4096,56.185,16.0,13.0,0.0,2.2,3.8,0.7,4.0,4.0,0.05,0.015,0.05,704,690,1080,2.0,1113.15,730,16,0,0,166.0,0,
FGH4096,56.185,16.0,13.0,0.0,2.2,3.8,0.7,4.0,4.0,0.05,0.015,0.05,704,690,1080,2.0,1113.15,760,4,0,0,145.0,0,
FGH4096,56.185,16.0,13.0,0.0,2.2,3.8,0.7,4.0,4.0,0.05,0.015,0.05,704,690,1080,2.0,1113.15,760,16,0,0,48.7,0,
FGH4096,56.77,15.7,12.9,0.0,2.1,3.7,0.7,4.0,4.0,0.05,0.03,0.05,704,690,1100,4.0,1103.0,760,16,0,0,95.68,0,
FGH4096,56.77,15.7,12.9,0.0,2.1,3.7,0.7,4.0,4.0,0.05,0.03,0.05,704,690,1120,4.0,1103.0,760,16,0,0,260.39,1,
FGH4096,56.77,15.7,12.9,0.0,2.1,3.7,0.7,4.0,4.0,0.05,0.03,0.05,704,690,1140,4.0,1103.0,760,16,0,0,271.37,1,
FGH4096,56.77,15.7,12.9,0.0,2.1,3.7,0.7,4.0,4.0,0.05,0.03,0.05,704,690,1160,4.0,1103.0,760,16,0,0,290.19,1,
FGH4096,56.77,15.7,12.9,0.0,2.1,3.7,0.7,4.0,4.0,0.05,0.03,0.05,704,690,1180,4.0,1103.0,760,16,0,0,211.76,1,
FGH4096,56.77,15.7,12.9,0.0,2.1,3.7,0.7,4.0,4.0,0.05,0.03,0.05,704,690,1220,4.0,1103.0,760,16,0,0,232.15,1,
FGH4096,56.77,15.7,12.9,0.0,2.1,3.7,0.7,4.0,4.0,0.05,0.03,0.05,704,690,1260,4.0,1103.0,760,16,0,0,236.43,1,
FGH4096,56.85,15.84,12.59,0.093,2.09,3.73,0.8,3.94,3.98,0.038,0.012,0.037,750,650,1150,1.0,1107.0,780,8,0,0,65.52,0,
FGH4096,56.85,15.84,12.59,0.093,2.09,3.73,0.8,3.94,3.98,0.038,0.012,0.037,750,650,1150,1.0,1107.0,780,8,0,0,78.5,0,
FGH4096,56.85,15.84,12.59,0.093,2.09,3.73,0.8,3.94,3.98,0.038,0.012,0.037,750,650,1150,1.0,1107.0,780,8,0,0,81.75,1,
FGH4096,56.85,15.84,12.59,0.093,2.09,3.73,0.8,3.94,3.98,0.038,0.012,0.037,750,650,1150,1.0,1107.0,780,8,0,0,85.79,1,
GH33A,74.0931,20.45,0.0,0.0,0.98,2.87,1.57,0.0,0.0,0.03,0.0069,0.0,750,343,1080,8.0,913.14,750,16,0,0,168.5,0,
GH33A,74.0931,20.45,0.0,0.0,0.98,2.87,1.57,0.0,0.0,0.03,0.0069,0.0,750,343,1100,8.0,913.14,750,16,0,0,146.35,0,
GH33A,74.0931,20.45,0.0,0.0,0.98,2.87,1.57,0.0,0.0,0.03,0.0069,0.0,750,343,1120,8.0,913.14,750,16,0,0,142.65,0,
GH33A,74.0931,20.45,0.0,0.0,0.98,2.87,1.57,0.0,0.0,0.03,0.0069,0.0,750,343,1080,8.0,913.14,700,16,0,0,187.85,1,
GH33A,74.0931,20.45,0.0,0.0,0.98,2.87,1.57,0.0,0.0,0.03,0.0069,0.0,750,343,1080,8.0,913.14,800,16,0,0,248.75,1,
GH33A,74.0931,20.45,0.0,0.0,0.98,2.87,1.57,0.0,0.0,0.03,0.0069,0.0,750,343,1080,8.0,913.14,930,4,750,16,598.35,1,
GH4099,60.422,18.95,6.94,0.4,2.06,1.29,0.0,3.96,5.94,0.038,0.0,0.0,900,98,1080,1.0,968.71,900,5,0,0,87.65,0,
GH4099,60.422,18.95,6.94,0.4,2.06,1.29,0.0,3.96,5.94,0.038,0.0,0.0,900,98,1090,1.0,968.71,900,5,0,0,94.45,0,
GH4099,60.422,18.95,6.94,0.4,2.06,1.29,0.0,3.96,5.94,0.038,0.0,0.0,900,98,1100,1.0,968.71,900,5,0,0,115.22,1,
GH4099,60.608,18.5,6.5,1.0,2.1,1.25,0.0,4.0,6.0,0.04,0.002,0.0,900,150,1080,1.0,965.97,900,5,0,0,25.63,0,
GH4099,60.608,18.5,6.5,1.0,2.1,1.25,0.0,4.0,6.0,0.04,0.002,0.0,900,150,1090,1.0,965.97,900,5,0,0,46.6,0,
GH4099,60.608,18.5,6.5,1.0,2.1,1.25,0.0,4.0,6.0,0.04,0.002,0.0,900,150,1100,1.0,965.97,900,5,0,0,46.95,1,
FGH95,62.618,12.98,8.0,0.0,3.48,2.55,3.5,3.4,3.4,0.06,0.012,0.0,650,1034,1155,1.0,1147.0,870,1,650,24,180.0,1,
FGH95,62.618,12.98,8.0,0.0,3.48,2.55,3.5,3.4,3.4,0.06,0.012,0.0,650,1034,1140,1.0,1147.0,870,1,650,24,36.1,0,
FGH95,62.618,12.98,8.0,0.0,3.48,2.55,3.5,3.4,3.4,0.06,0.012,0.0,650,1034,1150,1.0,1147.0,870,1,650,24,67.0,1,
FGH95,62.618,12.98,8.0,0.0,3.48,2.55,3.5,3.4,3.4,0.06,0.012,0.0,650,1034,1160,1.0,1147.0,870,1,650,24,104.0,1,
FGH95,62.618,12.98,8.0,0.0,3.48,2.55,3.5,3.4,3.4,0.06,0.012,0.0,650,1034,1165,1.0,1147.0,870,1,650,24,9.0,0,
FGH95,62.618,12.98,8.0,0.0,3.48,2.55,3.5,3.4,3.4,0.06,0.012,0.0,650,1020,1160,1.0,1147.0,870,1,650,24,156.0,1,
FGH95,62.618,12.98,8.0,0.0,3.48,2.55,3.5,3.4,3.4,0.06,0.012,0.0,650,1050,1160,1.0,1147.0,870,1,650,24,51.0,0,
FGH95,62.618,12.98,8.0,0.0,3.48,2.55,3.5,3.4,3.4,0.06,0.012,0.0,660,1034,1160,1.0,1147.0,870,1,650,24,40.0,0,
Rene41,51.204,18.77,10.88,4.5,1.52,3.1,0.0,9.87,0.0,0.08,0.006,0.07,900,170,1080,0.5,1048.46,760,16,0,0,33.16,1,
Rene41,51.204,18.77,10.88,4.5,1.52,3.1,0.0,9.87,0.0,0.08,0.006,0.07,900,170,1080,2.0,1048.46,760,16,0,0,42.17,1,
Rene41,51.204,18.77,10.88,4.5,1.52,3.1,0.0,9.87,0.0,0.08,0.006,0.07,900,170,1080,4.0,1048.46,760,16,0,0,47.5,1,
Rene41,51.204,18.77,10.88,4.5,1.52,3.1,0.0,9.87,0.0,0.08,0.006,0.07,900,170,1100,0.5,1048.46,760,16,0,0,29.52,0,
Rene41,51.204,18.77,10.88,4.5,1.52,3.1,0.0,9.87,0.0,0.08,0.006,0.07,900,170,1100,2.0,1048.46,760,16,0,0,35.0,1,
Rene41,51.204,18.77,10.88,4.5,1.52,3.1,0.0,9.87,0.0,0.08,0.006,0.07,900,170,1100,4.0,1048.46,760,16,0,0,42.96,1,
Rene41,51.204,18.77,10.88,4.5,1.52,3.1,0.0,9.87,0.0,0.08,0.006,0.07,900,170,1120,0.5,1048.46,760,16,0,0,16.87,0,
Rene41,51.204,18.77,10.88,4.5,1.52,3.1,0.0,9.87,0.0,0.08,0.006,0.07,900,170,1120,2.0,1048.46,760,16,0,0,22.31,0,
Rene41,51.204,18.77,10.88,4.5,1.52,3.1,0.0,9.87,0.0,0.08,0.006,0.07,900,170,1120,4.0,1048.46,760,16,0,0,31.0,0,
Rene41,51.204,18.77,10.88,4.5,1.52,3.1,0.0,9.87,0.0,0.08,0.006,0.07,900,170,1120,0.5,1048.46,760,1,0,0,25.5,0,
Rene41,51.204,18.77,10.88,4.5,1.52,3.1,0.0,9.87,0.0,0.08,0.006,0.07,900,170,1120,0.5,1048.46,760,8,0,0,27.5,0,
Rene41,51.204,18.77,10.88,4.5,1.52,3.1,0.0,9.87,0.0,0.08,0.006,0.07,900,170,1120,0.5,1048.46,800,1,0,0,40.75,1,
Rene41,51.204,18.77,10.88,4.5,1.52,3.1,0.0,9.87,0.0,0.08,0.006,0.07,900,170,1120,0.5,1048.46,800,8,0,0,50.45,1,
Rene41,51.204,18.77,10.88,4.5,1.52,3.1,0.0,9.87,0.0,0.08,0.006,0.07,900,170,1120,0.5,1048.46,800,16,0,0,48.0,1,
Rene41,51.204,18.77,10.88,4.5,1.52,3.1,0.0,9.87,0.0,0.08,0.006,0.07,900,170,1120,0.5,1048.46,900,1,0,0,9.68,0,
Rene41,51.204,18.77,10.88,4.5,1.52,3.1,0.0,9.87,0.0,0.08,0.006,0.07,900,170,1120,0.5,1048.46,900,8,0,0,25.0,0,
Rene41,51.204,18.77,10.88,4.5,1.52,3.1,0.0,9.87,0.0,0.08,0.006,0.07,900,170,1120,0.5,1048.46,900,16,0,0,30.06,0,
